Date,Price_Nifty50,Open_Nifty50,High_Nifty50,Low_Nifty50,Vol_Nifty50,Change_Nifty50,Price_NiftyBank,Open_NiftyBank,High_NiftyBank,Low_NiftyBank,Vol_NiftyBank,Change_NiftyBank,Price_NiftyFMCG,Open_NiftyFMCG,High_NiftyFMCG,Low_NiftyFMCG,Vol_NiftyFMCG,Change_NiftyFMCG,Price_NiftyIT,Open_NiftyIT,High_NiftyIT,Low_NiftyIT,Vol_NiftyIT,Change_NiftyIT,Price_NiftyMedia,Open_NiftyMedia,High_NiftyMedia,Low_NiftyMedia,Vol_NiftyMedia,Change_NiftyMedia,Price_NiftyMidcap,Open_NiftyMidcap,High_NiftyMidcap,Low_NiftyMidcap,Vol_NiftyMidcap,Change_NiftyMidcap,Price_NiftyPharma,Open_NiftyPharma,High_NiftyPharma,Low_NiftyPharma,Vol_NiftyPharma,Change_NiftyPharma,Price_NiftyPSU,Open_NiftyPSU,High_NiftyPSU,Low_NiftyPSU,Vol_NiftyPSU,Change_NiftyPSU,Price_NiftySmallcap,Open_NiftySmallcap,High_NiftySmallcap,Low_NiftySmallcap,Vol_NiftySmallcap,Change_NiftySmallcap
04-06-2023,"18,563.40","18,612.00","18,777.90","18,531.60",1250000000,0.16%,"43,989.00","44,103.25","44,459.25","43,917.90",659760000,0.12%,"50,674.85","51,373.20","51,718.00","50,605.75",88540000,-1.20%,"28,355.35","29,459.15","29,533.40","28,322.15",97080000,-3.32%,"1,763.50","1,796.25","1,817.70","1,761.15",1000000,-1.18%,"12,814.80","12,762.05","12,949.60","12,689.25",1000000,0.86%,"12,861.05","12,958.50","13,087.60","12,849.85",82730000,-0.31%,"4,035.30","4,109.70","4,126.35","4,026.50",491200000,-1.41%,"10,164.25","10,102.80","10,277.85","10,063.95",1000000,1.20%
11-06-2023,"18,826.00","18,595.05","18,864.70","18,559.75",1210000000,1.41%,"43,938.15","44,035.20","44,212.35","43,397.50",868930000,-0.12%,"52,440.20","50,792.10","52,540.50","50,553.25",130139999,3.48%,"28,588.80","28,457.45","28,974.15","28,402.55",124860000,0.82%,"1,806.20","1,774.75","1,836.45","1,761.90",1000000,2.42%,"13,192.90","12,855.10","13,212.35","12,798.85",1000000,2.95%,"13,241.95","12,850.45","13,278.50","12,796.05",108670000,2.96%,"4,041.55","4,045.10","4,082.20","3,976.65",509620000,0.15%,"10,450.10","10,205.20","10,478.00","10,175.10",1000000,2.81%
25-06-2023,"19,189.05","18,682.35","19,201.70","18,646.70",1040000000,2.80%,"44,747.35","43,714.75","44,787.10","43,541.75",693080000,2.58%,"52,194.75","51,415.95","52,239.05","51,346.90",79360000,1.78%,"29,563.00","28,539.80","29,594.20","28,451.15",67810000,3.53%,"1,743.80","1,741.80","1,764.10","1,727.70",1000000,0.17%,"13,401.45","13,082.20","13,411.95","13,033.05",1000000,2.48%,"13,767.50","13,193.70","13,805.05","13,176.20",118260000,4.41%,"4,110.20","3,996.55","4,114.95","3,962.30",466970000,2.95%,"10,544.20","10,357.75","10,559.35","10,330.70",1000000,1.92%
02-07-2023,"19,331.80","19,246.50","19,523.60","19,234.40",1180000000,0.74%,"44,925.00","44,957.95","45,655.50","44,844.80",1520000000,0.40%,"52,942.45","52,299.00","53,971.25","52,061.10",121760000,1.43%,"29,560.45","29,648.40","29,937.75","29,334.40",96830000,-0.01%,"1,895.55","1,751.20","1,908.85","1,742.15",1000000,8.70%,"13,490.70","13,472.75","13,609.90","13,387.00",1000000,0.67%,"13,769.00","13,796.55","13,917.55","13,578.35",109750000,0.01%,"4,459.10","4,131.95","4,486.15","4,126.35",1750000000,8.49%,"10,777.35","10,604.45","10,847.70","10,604.00",1000000,2.21%
09-07-2023,"19,564.50","19,400.35","19,595.35","19,327.10",1450000000,1.20%,"44,819.30","44,958.65","45,184.30","44,547.80",1200000000,-0.24%,"53,453.70","53,071.35","53,567.65","52,484.50",95440000,0.97%,"30,945.50","29,609.85","31,017.55","29,020.20",153750000,4.69%,"1,927.40","1,907.05","1,932.55","1,843.95",1000000,1.68%,"13,657.45","13,530.30","13,669.05","13,410.45",1000000,1.24%,"13,945.65","13,811.15","13,980.05","13,705.35",93830000,1.28%,"4,390.30","4,478.55","4,522.40","4,331.60",1090000000,-1.54%,"10,962.95","10,820.00","10,977.55","10,728.90",1000000,1.72%
16-07-2023,"19,745.00","19,612.15","19,991.85","19,562.95",1400000000,0.92%,"46,075.20","44,951.20","46,369.50","44,695.05",1370000000,2.80%,"53,697.45","53,536.35","54,349.85","53,078.55",122240000,0.46%,"29,871.05","31,007.60","31,658.10","29,701.20",216890000,-3.47%,"1,984.15","1,928.35","2,007.45","1,926.35",1000000,2.94%,"13,772.85","13,701.85","13,812.25","13,627.70",1000000,0.84%,"14,274.00","13,979.40","14,363.90","13,926.80",93680000,2.35%,"4,564.25","4,403.90","4,611.40","4,383.55",1510000000,3.96%,"11,110.55","11,021.25","11,126.20","10,926.30",1000000,1.35%
23-07-2023,"19,646.05","19,748.45","19,867.55","19,563.10",1470000000,-0.50%,"45,468.10","46,131.90","46,310.10","45,238.80",1270000000,-1.32%,"52,964.05","53,843.95","53,882.25","52,002.75",204150000,-1.37%,"29,490.25","29,993.85","30,112.90","29,339.35",111330000,-1.27%,"2,052.55","1,996.50","2,060.90","1,958.00",1000000,3.45%,"13,976.00","13,805.85","13,985.05","13,746.50",1000000,1.48%,"14,962.55","14,261.25","15,105.65","14,236.20",146970000,4.82%,"4,605.85","4,585.30","4,647.95","4,483.85",1130000000,0.91%,"11,239.10","11,158.80","11,259.55","11,126.15",1000000,1.16%
30-07-2023,"19,517.00","19,666.35","19,795.60","19,296.45",1480000000,-0.66%,"44,879.50","45,546.35","45,782.75","44,279.40",1150000000,-1.29%,"52,050.65","52,953.15","53,021.50","51,943.05",121190000,-1.72%,"30,436.10","29,605.50","30,555.80","29,452.35",102280000,3.21%,"2,047.40","2,060.65","2,080.75","2,007.95",1000000,-0.25%,"14,079.30","14,000.65","14,200.00","13,857.85",1000000,0.74%,"15,241.00","14,935.60","15,302.25","14,831.90",142640000,1.86%,"4,419.10","4,621.20","4,643.95","4,403.30",987290000,-4.05%,"11,317.75","11,297.05","11,420.50","11,137.30",1000000,0.70%
06-08-2023,"19,428.30","19,576.85","19,645.50","19,412.75",1290000000,-0.45%,"44,199.10","44,993.70","45,096.85","44,120.90",1040000000,-1.52%,"51,351.70","51,973.05","52,257.65","51,265.50",118170000,-1.34%,"30,819.15","30,582.45","31,164.30","30,451.35",94530000,1.26%,"2,200.10","2,055.40","2,269.40","2,038.10",1000000,7.46%,"14,190.30","14,120.25","14,297.10","14,080.95",1000000,0.79%,"15,355.50","15,276.05","15,750.50","15,214.85",194000000,0.75%,"4,555.75","4,421.60","4,613.40","4,385.15",1550000000,3.09%,"11,376.50","11,395.50","11,487.35","11,300.30",1000000,0.52%
13-08-2023,"19,310.15","19,383.95","19,482.75","19,253.60",995280000,-0.61%,"43,851.05","44,066.60","44,212.75","43,600.35",765290000,-0.79%,"51,464.75","51,350.55","51,869.75","50,984.60",103350000,0.22%,"30,604.05","30,755.80","31,304.75","30,515.00",71340000,-0.70%,"2,251.55","2,216.30","2,258.55","2,167.80",1000000,2.34%,"14,193.45","14,181.00","14,258.05","13,985.30",1000000,0.02%,"15,271.50","15,349.80","15,450.60","15,192.25",83140000,-0.55%,"4,603.85","4,555.65","4,642.20","4,437.15",1350000000,1.06%,"11,338.05","11,369.95","11,426.70","11,176.10",1000000,-0.34%
20-08-2023,"19,265.80","19,320.65","19,584.45","19,229.70",1430000000,-0.23%,"44,231.45","43,952.85","44,949.90","43,862.00",872370000,0.87%,"51,506.80","51,516.85","52,315.30","51,409.40",90190000,0.08%,"30,914.55","30,626.25","31,212.45","30,597.05",89200000,1.01%,"2,265.85","2,264.10","2,306.60","2,235.75",1000000,0.64%,"14,440.65","14,227.90","14,633.05","14,205.95",1000000,1.74%,"15,025.20","15,262.55","15,378.20","15,000.05",71530000,-1.61%,"4,530.90","4,613.55","4,679.20","4,502.25",1090000000,-1.58%,"11,548.90","11,392.75","11,682.55","11,375.30",1000000,1.86%
27-08-2023,"19,435.30","19,298.35","19,458.55","19,223.65",1680000000,0.88%,"44,436.10","44,253.65","44,779.65","43,830.75",1480000000,0.46%,"51,240.50","51,594.15","51,650.65","50,913.00",109890000,-0.52%,"31,514.35","30,975.35","31,550.95","30,745.00",83960000,1.94%,"2,296.10","2,274.25","2,336.10","2,269.60",1000000,1.34%,"14,810.15","14,492.75","14,820.25","14,456.90",1000000,2.56%,"15,011.80","15,052.80","15,256.55","14,991.60",83180000,-0.09%,"4,538.70","4,552.45","4,588.10","4,449.60",934200000,0.17%,"12,017.15","11,612.50","12,031.65","11,590.00",1000000,4.05%
03-09-2023,"19,819.95","19,525.05","19,867.15","19,432.85",1430000000,1.98%,"45,156.40","44,647.65","45,383.35","44,207.25",1060000000,1.62%,"51,778.30","51,415.10","52,136.25","50,932.55",106130000,1.05%,"32,415.65","31,552.50","32,561.25","31,454.50",104690000,2.86%,"2,414.60","2,313.40","2,465.95","2,296.10",1000000,5.16%,"15,341.05","14,880.40","15,351.15","14,810.15",1000000,3.58%,"15,250.55","15,063.30","15,426.00","15,007.00",92140000,1.59%,"4,706.40","4,564.00","4,748.10","4,538.70",1380000000,3.69%,"12,367.00","12,100.95","12,389.90","12,017.15",1000000,2.91%
10-09-2023,"20,192.35","19,890.00","20,222.45","19,865.35",1540000000,1.88%,"46,231.50","45,340.80","46,310.40","45,231.30",1460000000,2.38%,"51,895.15","51,948.70","52,454.75","51,768.90",127940000,0.23%,"33,355.05","32,531.00","33,402.75","32,429.50",110570000,2.90%,"2,326.85","2,430.85","2,432.40","2,289.10",1000000,-3.63%,"15,222.70","15,431.50","15,599.05","14,836.15",1000000,-0.77%,"15,583.55","15,265.35","15,601.05","15,248.15",130090000,2.18%,"5,046.25","4,734.05","5,090.10","4,697.75",2920000000,7.22%,"12,301.65","12,465.75","12,573.30","11,870.40",1000000,-0.53%
17-09-2023,"19,674.25","20,155.95","20,195.35","19,657.50",1160000000,-2.57%,"44,612.05","46,100.95","46,252.95","44,548.90",1190000000,-3.50%,"51,608.50","51,983.50","52,243.15","51,332.15",76220000,-0.55%,"32,906.30","33,255.10","33,266.90","32,504.75",74450000,-1.35%,"2,292.05","2,330.10","2,330.95","2,269.20",1000000,-1.50%,"14,975.50","15,251.10","15,252.40","14,892.85",1000000,-1.62%,"15,069.10","15,593.80","15,667.45","14,980.45",79140000,-3.30%,"5,215.05","5,047.55","5,292.10","5,014.55",4400000000,3.35%,"12,038.45","12,344.80","12,352.20","11,946.20",1000000,-2.14%
24-09-2023,"19,638.30","19,678.20","19,766.65","19,492.10",1190000000,-0.18%,"44,584.55","44,615.00","44,936.55","44,182.50",1220000000,-0.06%,"51,602.65","51,646.30","52,393.15","51,246.45",99720000,-0.01%,"31,784.40","32,881.35","32,960.95","31,514.90",89230000,-3.41%,"2,268.20","2,290.30","2,303.60","2,219.60",1000000,-1.04%,"15,141.05","15,002.65","15,205.35","14,891.10",1000000,1.11%,"15,422.75","15,049.40","15,513.65","14,964.40",109160000,2.35%,"5,258.30","5,245.20","5,321.10","5,159.05",2470000000,0.83%,"12,230.40","12,077.75","12,283.75","12,023.60",1000000,1.59%
01-10-2023,"19,653.50","19,622.40","19,675.75","19,333.60",892780000,0.08%,"44,360.60","44,561.50","44,566.30","43,857.50",903930000,-0.50%,"51,577.90","51,603.65","51,725.40","51,128.50",88960000,-0.05%,"32,341.70","31,772.75","32,438.40","31,412.50",65610000,1.75%,"2,286.75","2,269.75","2,304.35","2,237.85",1000000,0.82%,"15,063.50","15,156.80","15,194.90","14,888.25",1000000,-0.51%,"15,128.45","15,425.65","15,441.05","14,985.00",61450000,-1.91%,"5,218.25","5,250.40","5,396.85","5,160.95",2060000000,-0.76%,"12,316.75","12,259.00","12,329.45","12,104.80",1000000,0.71%
08-10-2023,"19,751.05","19,539.45","19,843.30","19,480.50",1070000000,0.50%,"44,287.95","44,057.80","44,710.55","43,796.75",833350000,-0.16%,"52,520.70","51,333.70","52,655.75","51,188.35",90020000,1.83%,"31,807.95","32,216.15","32,981.90","31,434.10",122660000,-1.65%,"2,319.85","2,265.00","2,359.55","2,225.30",1000000,1.45%,"15,141.35","14,926.30","15,205.25","14,832.75",1000000,0.52%,"15,235.05","15,002.70","15,269.65","14,993.05",67680000,0.70%,"5,048.95","5,142.40","5,198.85","5,031.70",1240000000,-3.24%,"12,407.45","12,183.05","12,469.70","12,077.40",1000000,0.74%
15-10-2023,"19,542.65","19,737.25","19,849.75","19,512.35",994410000,-1.06%,"43,723.05","44,204.75","44,589.85","43,558.10",787130000,-1.28%,"51,823.35","52,468.95","52,851.45","51,762.45",110050000,-1.33%,"31,469.35","31,831.05","31,949.75","31,345.55",92380000,-1.06%,"2,304.10","2,326.80","2,343.20","2,298.35",1000000,-0.68%,"14,963.10","15,166.20","15,274.10","14,923.95",1000000,-1.18%,"15,107.15","15,230.00","15,394.15","15,070.05",95740000,-0.84%,"4,950.20","5,043.10","5,145.20","4,930.10",1080000000,-1.96%,"12,400.30","12,441.00","12,590.45","12,380.30",1000000,-0.06%
22-10-2023,"19,047.25","19,521.60","19,556.85","18,837.85",906890000,-2.53%,"42,782.00","43,822.70","43,831.30","42,105.40",910620000,-2.15%,"51,395.00","51,771.70","51,956.50","50,607.00",98860000,-0.83%,"30,599.70","31,358.45","31,456.10","30,054.20",73330000,-2.76%,"2,180.50","2,307.20","2,308.80","2,092.25",1000000,-5.36%,"14,513.70","14,972.95","14,999.80","14,133.30",1000000,-3.00%,"14,738.50","15,060.70","15,218.00","14,544.25",86160000,-2.44%,"4,920.55","4,956.25","4,977.50","4,641.00",1710000000,-0.60%,"12,024.90","12,442.40","12,456.10","11,493.75",1000000,-3.03%
29-10-2023,"19,230.60","19,053.40","19,276.25","18,940.00",1020000000,0.96%,"43,318.25","42,721.40","43,416.10","42,390.50",760380000,1.25%,"51,901.50","51,330.15","51,984.60","50,951.95",103360000,0.99%,"30,779.95","30,627.90","30,924.85","30,283.15",58360000,0.59%,"2,266.75","2,185.05","2,277.40","2,153.45",1000000,3.96%,"14,819.10","14,547.65","14,841.25","14,403.00",1000000,2.10%,"14,882.35","14,786.65","14,960.05","14,629.20",79810000,0.98%,"5,055.35","4,941.45","5,082.45","4,872.70",1090000000,2.74%,"12,253.60","12,068.30","12,273.45","11,937.15",1000000,1.90%
05-11-2023,"19,425.35","19,345.85","19,464.40","19,309.70",934950000,1.01%,"43,820.10","43,627.75","43,908.70","43,283.85",710390000,1.16%,"52,076.05","52,035.40","52,562.50","51,689.05",90590000,0.34%,"30,639.05","30,955.35","31,128.90","30,504.10",63070000,-0.46%,"2,232.45","2,276.90","2,298.40","2,216.90",1000000,-1.51%,"15,199.15","14,917.00","15,212.90","14,887.90",1000000,2.56%,"15,516.50","14,934.45","15,574.95","14,929.85",106090000,4.26%,"5,025.50","5,071.45","5,077.65","4,979.15",752740000,-0.59%,"12,547.05","12,354.35","12,581.20","12,333.80",1000000,2.39%
12-11-2023,"19,731.80","19,486.75","19,875.25","19,414.75",1000000000,1.58%,"43,583.95","44,054.50","44,420.95","43,513.85",770400000,-0.54%,"52,756.10","52,376.10","52,809.75","51,917.65",78670000,1.31%,"32,191.35","30,852.15","32,453.65","30,572.95",78660000,5.07%,"2,275.90","2,244.05","2,299.05","2,225.60",1000000,1.95%,"15,586.10","15,322.40","15,601.75","15,223.15",1000000,2.55%,"15,804.50","15,576.45","15,821.25","15,430.40",83440000,1.86%,"5,064.95","5,065.15","5,257.50","5,009.85",968970000,0.79%,"12,976.90","12,684.55","13,023.70","12,631.40",1000000,3.43%
19-11-2023,"19,794.70","19,731.15","19,875.15","19,670.50",869170000,0.32%,"43,769.10","43,591.50","43,806.50","43,230.95",552510000,0.42%,"52,576.90","52,842.10","52,958.10","52,312.30",68090000,-0.34%,"32,055.15","32,202.30","32,688.00","32,010.00",64800000,-0.42%,"2,283.45","2,282.40","2,310.10","2,258.25",1000000,0.33%,"15,673.50","15,628.40","15,708.30","15,511.00",1000000,0.56%,"15,954.50","15,809.45","16,175.25","15,782.95",104360000,0.95%,"4,977.20","5,077.70","5,118.25","4,972.65",490580000,-1.73%,"12,984.95","13,024.35","13,079.55","12,853.90",1000000,0.06%
26-11-2023,"20,267.90","19,844.65","20,291.55","19,800.00",1220000000,2.39%,"44,814.20","43,851.55","44,951.10","43,739.80",851680000,2.39%,"53,851.45","52,670.20","53,917.50","52,402.40",117620000,2.42%,"32,598.70","32,115.85","32,729.80","31,807.85",86020000,1.70%,"2,355.65","2,291.45","2,375.50","2,266.65",1000000,3.16%,"16,104.80","15,733.90","16,127.95","15,680.75",1000000,2.75%,"16,257.05","15,980.80","16,385.35","15,884.35",85550000,1.90%,"5,134.55","4,990.45","5,182.90","4,972.75",693760000,3.16%,"13,326.60","13,059.85","13,381.20","13,001.40",1000000,2.63%
03-12-2023,"20,969.40","20,601.95","21,006.10","20,507.75",1730000000,3.46%,"47,262.00","45,671.50","47,303.65","45,484.20",1310000000,5.46%,"53,636.35","54,313.60","54,872.90","53,568.60",137960000,-0.40%,"33,392.90","32,888.20","33,452.40","32,252.45",103620000,2.44%,"2,396.00","2,376.80","2,443.25","2,286.90",1000000,1.71%,"16,447.95","16,362.00","16,560.65","16,214.40",1000000,2.13%,"16,163.15","16,372.05","16,389.10","16,079.30",87560000,-0.58%,"5,479.45","5,269.10","5,529.85","5,262.00",1590000000,6.72%,"13,470.80","13,559.40","13,653.30","13,396.55",1000000,1.08%
10-12-2023,"21,456.65","20,965.30","21,492.30","20,769.50",1560000000,2.32%,"48,143.55","47,233.30","48,219.95","46,886.90",1070000000,1.87%,"54,186.20","53,790.45","54,585.75","53,558.80",117030000,1.03%,"35,782.45","33,424.00","35,947.60","32,715.65",171090000,7.16%,"2,437.05","2,412.65","2,484.50","2,381.05",1000000,1.71%,"16,850.05","16,502.20","16,916.50","16,410.20",1000000,2.44%,"16,179.80","16,077.90","16,258.30","15,909.55",99850000,0.10%,"5,762.60","5,495.95","5,772.95","5,494.10",1390000000,5.17%,"13,820.45","13,530.75","13,852.95","13,493.15",1000000,2.60%
17-12-2023,"21,349.40","21,434.80","21,593.00","20,976.80",1430000000,-0.50%,"47,491.85","48,068.50","48,166.15","46,919.70",963360000,-1.35%,"55,101.05","54,070.90","55,581.40","53,911.35",157230000,1.69%,"35,637.80","35,707.30","36,132.00","34,394.55",139720000,-0.40%,"2,390.50","2,425.95","2,493.40","2,306.20",1000000,-1.91%,"16,693.00","16,874.50","16,982.85","16,066.85",1000000,-0.93%,"16,394.35","16,196.40","16,500.90","15,868.15",123940000,1.33%,"5,584.95","5,757.00","5,811.10","5,413.80",1530000000,-3.08%,"13,792.00","13,869.60","14,003.15","13,176.20",1000000,-0.21%
24-12-2023,"21,731.40","21,365.20","21,801.45","21,329.45",1140000000,1.79%,"48,292.25","47,576.40","48,636.45","47,411.65",868760000,1.69%,"56,987.20","55,271.75","57,055.80","55,189.85",111480000,3.42%,"35,515.00","35,421.15","35,850.40","35,185.45",102660000,-0.34%,"2,388.15","2,407.20","2,417.85","2,350.45",1000000,-0.10%,"17,077.05","16,761.80","17,102.40","16,712.05",1000000,2.30%,"16,831.80","16,418.60","16,909.10","16,385.70",89040000,2.67%,"5,713.45","5,604.70","5,798.85","5,571.60",920160000,2.30%,"14,041.30","13,848.60","14,059.05","13,790.15",1000000,1.81%
31-12-2023,"21,710.80","21,727.75","21,834.35","21,500.35",1380000000,-0.09%,"48,159.00","48,203.45","48,450.00","47,481.35",920080000,-0.28%,"57,667.35","57,127.55","57,966.70","56,763.70",128009999,1.19%,"34,851.75","35,496.40","35,890.75","34,236.60",112430000,-1.87%,"2,468.00","2,400.25","2,499.45","2,392.95",1000000,3.34%,"17,499.65","17,135.00","17,575.65","16,961.25",1000000,2.47%,"17,358.60","16,859.50","17,529.85","16,819.00",167380000,3.13%,"5,838.45","5,733.50","5,908.90","5,684.75",1140000000,2.19%,"14,382.40","14,081.90","14,402.60","13,960.30",1000000,2.43%
07-01-2024,"21,894.55","21,747.60","21,928.25","21,448.65",1180000000,0.85%,"47,709.80","48,096.65","48,154.50","47,010.80",881740000,-0.93%,"56,485.75","57,718.85","57,748.35","56,008.00",108100000,-2.05%,"36,521.70","34,876.65","36,581.10","34,419.75",139110000,4.79%,"2,446.05","2,486.30","2,508.60","2,361.45",1000000,-0.89%,"17,563.85","17,550.85","17,589.55","17,251.65",1000000,0.37%,"17,347.45","17,435.80","17,476.00","17,162.00",81780000,-0.06%,"5,860.80","5,825.55","5,884.25","5,616.80",995540000,0.38%,"14,552.75","14,445.30","14,601.30","14,285.90",1000000,1.18%
14-01-2024,"21,622.40","22,053.15","22,124.15","21,285.55",1820000000,-1.24%,"45,701.15","47,891.05","48,305.40","45,430.70",1460000000,-4.21%,"56,640.50","56,795.40","56,872.50","55,206.70",118640000,0.27%,"37,069.25","37,538.45","37,929.30","36,136.40",222270000,1.50%,"2,369.90","2,467.60","2,472.20","2,309.25",1000000,-3.11%,"17,670.85","17,659.55","17,738.25","16,978.05",1000000,0.61%,"17,388.00","17,423.25","17,603.85","16,818.70",109000000,0.23%,"5,945.10","5,904.50","6,007.45","5,710.70",1840000000,1.44%,"14,548.55","14,645.25","14,676.05","14,042.70",1000000,-0.03%
21-01-2024,"21,352.60","21,716.70","21,750.25","21,137.20",1280000000,-1.25%,"44,866.15","45,989.25","46,580.30","44,429.00",1320000000,-1.83%,"55,214.10","56,632.80","56,650.35","54,816.10",105350000,-2.52%,"36,496.20","37,259.80","37,383.45","36,354.10",96200000,-1.55%,"2,134.60","2,393.85","2,428.15","2,057.55",1000000,-9.93%,"17,413.75","17,799.10","17,868.00","17,033.40",1000000,-1.45%,"17,532.55","17,454.30","17,796.00","17,212.75",104090000,0.83%,"5,929.70","5,972.65","6,123.25","5,719.35",1460000000,-0.26%,"14,543.80","14,622.25","14,739.90","14,073.15",1000000,-0.03%
28-01-2024,"21,853.80","21,433.10","22,126.80","21,429.60",1940000000,2.35%,"45,970.95","45,171.50","46,892.35","45,071.20",1580000000,2.46%,"55,118.40","55,058.15","55,792.00","54,501.35",213750000,-0.17%,"37,323.25","36,553.80","37,663.95","36,228.85",108530000,2.27%,"2,129.05","2,157.70","2,201.15","2,118.95",1000000,-0.26%,"17,873.35","17,490.35","17,976.70","17,459.20",1000000,2.64%,"17,972.10","17,511.35","18,084.70","17,432.45",116270000,2.51%,"6,609.75","5,990.60","6,699.35","5,972.85",2900000000,11.47%,"15,175.90","14,634.95","15,277.65","14,632.55",1000000,4.35%
04-02-2024,"21,782.50","21,921.05","22,053.30","21,629.90",2000000000,-0.33%,"45,634.55","45,962.25","46,181.20","44,859.15",1320000000,-0.73%,"53,867.10","55,340.40","55,387.90","53,317.25",190480000,-2.27%,"37,699.25","37,441.00","38,373.45","37,097.95",107020000,1.01%,"2,191.80","2,146.40","2,212.80","2,117.85",1000000,2.95%,"18,003.10","17,940.15","18,345.10","17,715.35",1000000,0.73%,"18,617.10","18,034.20","18,729.65","17,979.55",175570000,3.59%,"6,944.95","6,622.05","7,035.40","6,468.40",4269999999,5.07%,"15,128.35","15,256.20","15,489.50","14,902.30",1000000,-0.31%
18-02-2024,"22,212.70","22,103.45","22,297.50","21,875.25",1230000000,0.78%,"46,811.75","46,554.90","47,363.40","46,317.70",906930000,0.92%,"54,337.75","53,645.55","54,561.55","53,552.55",131130000,1.53%,"38,045.65","38,526.95","38,559.85","37,302.60",99160000,-1.12%,"2,164.30","2,177.30","2,264.85","2,092.10",1000000,-0.02%,"18,149.05","18,193.75","18,234.10","17,782.10",1000000,0.37%,"19,048.40","18,938.70","19,134.80","18,755.65",134520000,0.94%,"7,076.05","7,165.35","7,253.05","7,035.85",1160000000,-0.83%,"15,169.50","15,188.70","15,256.85","14,849.00",1000000,0.47%
25-02-2024,"22,338.75","22,169.20","22,353.30","21,860.65",1370000000,0.57%,"47,286.90","46,615.85","47,342.25","45,661.75",1270000000,1.02%,"54,225.15","54,312.60","54,559.65","53,453.50",130410000,-0.21%,"37,516.05","37,991.90","38,138.35","37,384.90",92400000,-1.39%,"2,019.90","2,180.75","2,186.75","2,011.65",1000000,-6.67%,"17,974.65","18,168.45","18,196.20","17,559.90",1000000,-0.96%,"18,822.30","19,065.05","19,119.30","18,761.25",114910000,-1.19%,"7,080.75","7,063.90","7,110.40","6,759.10",1470000000,0.07%,"15,061.35","15,213.20","15,249.65","14,691.45",1000000,-0.71%
03-03-2024,"22,493.55","22,403.50","22,525.65","22,224.35",1290000000,0.69%,"47,835.80","47,377.45","48,161.25","47,191.65",795270000,1.16%,"54,406.30","54,433.05","54,588.55","53,171.75",102330000,0.33%,"37,099.90","37,695.35","37,744.90","36,134.00",74360000,-1.11%,"1,988.35","2,040.75","2,067.80","1,907.50",1000000,-1.56%,"17,995.70","18,049.65","18,156.00","17,700.20",1000000,0.12%,"19,194.10","18,946.60","19,277.70","18,811.30",101530000,1.98%,"7,341.25","7,101.80","7,409.00","7,086.60",1180000000,3.68%,"14,803.20","15,119.80","15,235.05","14,521.25",1000000,-1.71%
10-03-2024,"22,023.35","22,517.50","22,526.60","21,905.65",2160000000,-2.09%,"46,594.10","47,792.20","47,853.80","46,310.50",1250000000,-2.60%,"54,155.45","54,570.85","54,962.50","53,280.20",333230000,-0.46%,"37,500.70","37,082.00","37,723.35","36,607.65",119680000,1.08%,"1,822.50","1,997.40","2,001.80","1,767.30",1000000,-8.34%,"17,254.20","18,079.10","18,081.05","16,717.95",1000000,-4.12%,"18,718.45","19,313.20","19,397.25","18,495.00",110570000,-2.48%,"6,761.00","7,369.15","7,418.75","6,574.40",1350000000,-7.90%,"13,922.35","14,863.45","14,873.00","13,284.30",1000000,-5.95%
17-03-2024,"22,096.75","21,990.10","22,180.70","21,710.20",1750000000,0.33%,"46,863.75","46,458.75","46,990.25","45,828.80",831350000,0.58%,"53,775.70","54,144.30","54,189.10","52,562.60",182900000,-0.70%,"35,188.40","37,458.85","37,522.85","34,701.75",130430000,-6.17%,"1,849.80","1,827.25","1,858.80","1,768.70",1000000,1.50%,"17,502.80","17,250.20","17,518.05","16,832.70",1000000,1.44%,"18,815.60","18,713.40","18,881.25","18,189.95",92570000,0.52%,"6,888.50","6,753.40","6,909.95","6,561.40",779640000,1.89%,"14,161.40","13,931.05","14,192.65","13,558.70",1000000,1.72%
24-03-2024,"22,326.90","21,947.90","22,516.00","21,947.55",1150000000,1.04%,"47,124.60","46,552.95","47,440.45","46,529.05",804690000,0.56%,"53,949.20","53,325.40","54,251.00","53,325.10",103250000,0.32%,"34,898.15","35,003.10","35,400.15","34,693.60",86530000,-0.82%,"1,795.85","1,855.20","1,860.60","1,790.85",1000000,-2.92%,"17,766.00","17,459.70","17,814.25","17,457.55",1000000,1.50%,"18,996.15","18,690.10","19,082.05","18,684.80",71010000,0.96%,"7,007.25","6,873.95","7,059.45","6,807.15",557630000,1.72%,"14,330.50","14,166.80","14,407.40","14,045.10",1000000,1.19%
31-03-2024,"22,513.70","22,455.00","22,619.00","22,303.80",1490000000,0.84%,"48,493.05","47,391.05","48,557.40","47,279.80",1140000000,2.90%,"53,925.95","54,078.20","54,369.10","53,502.90",148560000,-0.04%,"35,247.90","35,224.00","35,649.60","34,626.20",107190000,1.00%,"1,916.25","1,816.60","1,947.75","1,812.85",1000000,6.70%,"18,473.25","17,902.85","18,523.65","17,882.90",1000000,3.98%,"19,160.75","19,147.50","19,395.55","18,952.65",95150000,0.87%,"7,306.35","7,049.70","7,375.40","7,040.35",1170000000,4.27%,"15,248.20","14,458.45","15,268.55","14,456.55",1000000,6.40%
07-04-2024,"22,519.40","22,578.35","22,775.70","22,503.75",1090000000,0.03%,"48,564.55","48,586.75","49,057.40","48,424.65",866020000,0.15%,"53,701.40","54,100.25","54,370.50","53,552.65",116230000,-0.42%,"35,018.10","35,381.00","35,568.80","34,952.25",102460000,-0.65%,"1,888.25","1,931.60","1,936.70","1,869.45",1000000,-1.46%,"18,534.70","18,593.85","18,722.05","18,411.40",1000000,0.33%,"18,788.65","19,246.50","19,288.45","18,765.80",117850000,-1.94%,"7,198.70","7,325.65","7,337.10","7,137.40",589810000,-1.47%,"15,322.15","15,354.60","15,455.70","15,215.25",1000000,0.48%
14-04-2024,"22,147.00","22,339.05","22,427.45","21,777.65",1490000000,-1.65%,"47,574.15","48,057.50","48,255.50","46,579.05",734140000,-2.04%,"53,055.45","53,299.05","53,571.75","52,398.75",131199999,-1.20%,"33,368.30","34,845.80","35,188.15","32,915.50",154100000,-4.71%,"1,870.35","1,862.35","1,911.40","1,822.05",1000000,-0.95%,"18,111.25","18,206.05","18,445.05","17,833.55",1000000,-2.28%,"18,404.60","18,613.75","18,815.60","18,298.25",87840000,-2.04%,"6,933.25","7,078.55","7,152.30","6,768.75",611590000,-3.69%,"15,162.20","15,006.15","15,369.90","14,792.10",1000000,-1.04%
21-04-2024,"22,419.95","22,336.90","22,625.95","22,198.15",1550000000,1.23%,"48,201.05","48,145.70","48,679.65","47,628.45",976520000,1.32%,"54,300.75","53,318.90","54,601.60","53,128.20",158760000,2.35%,"33,666.25","33,488.75","34,307.45","33,283.45",137830000,0.89%,"1,910.95","1,887.20","1,927.10","1,870.05",1000000,2.17%,"18,782.50","18,265.75","18,812.40","18,205.05",1000000,3.71%,"18,994.65","18,512.45","19,056.70","18,444.90",185620000,3.21%,"7,380.05","7,007.10","7,470.65","7,000.95",992520000,6.44%,"15,814.50","15,282.50","15,876.90","15,254.00",1000000,4.30%
28-04-2024,"22,475.85","22,475.55","22,794.70","22,348.05",1540000000,0.25%,"48,923.55","48,359.90","49,974.75","48,342.70",1240000000,1.50%,"54,273.90","54,527.15","54,757.35","53,913.30",147560000,-0.05%,"32,908.40","33,640.75","33,792.85","32,690.50",115220000,-2.25%,"1,851.10","1,921.00","1,937.95","1,833.65",1000000,-3.13%,"18,907.70","18,836.25","19,064.05","18,754.35",1000000,0.67%,"19,133.40","19,096.70","19,267.15","18,938.85",103570000,0.73%,"7,528.70","7,432.15","7,685.95","7,364.80",1090000000,2.01%,"15,793.30","15,918.75","15,944.70","15,684.45",1000000,-0.13%
05-05-2024,"22,055.20","22,561.60","22,588.80","21,932.40",1490000000,-1.87%,"47,421.10","49,174.55","49,252.65","47,313.35",1350000000,-3.07%,"55,276.50","54,544.15","56,222.75","54,149.50",240950000,1.85%,"32,935.15","33,041.20","33,525.50","32,786.55",105720000,0.08%,"1,772.40","1,864.05","1,865.05","1,748.65",1000000,-4.25%,"18,423.30","19,023.65","19,025.25","18,081.10",1000000,-2.56%,"18,609.45","19,193.90","19,270.00","18,406.65",111120000,-2.74%,"7,074.35","7,565.35","7,567.05","7,017.00",1280000000,-6.03%,"15,104.90","15,893.60","15,901.35","14,825.10",1000000,-4.36%
12-05-2024,"22,466.10","22,027.95","22,502.15","21,821.05",1350000000,1.86%,"48,115.65","47,389.80","48,188.65","46,983.25",925370000,1.46%,"55,064.70","55,386.95","55,525.90","54,159.35",140460000,-0.38%,"33,381.85","32,910.65","33,766.70","32,669.25",92470000,1.36%,"1,811.80","1,779.45","1,815.30","1,742.95",1000000,2.22%,"19,249.20","18,435.80","19,257.70","18,100.95",1000000,4.48%,"18,981.60","18,680.10","19,039.65","18,638.60",139460000,2.00%,"7,109.25","7,065.80","7,207.80","6,838.20",959070000,0.49%,"15,792.90","15,130.85","15,804.10","14,780.40",1000000,4.55%
19-05-2024,"22,957.10","22,404.55","23,026.40","22,404.55",1270000000,2.19%,"48,971.65","48,197.30","49,052.95","47,435.25",710320000,1.78%,"55,449.15","55,212.10","56,062.00","54,764.55",123390000,0.70%,"33,824.30","33,446.25","34,098.05","33,191.75",82260000,1.33%,"1,897.00","1,832.20","1,906.15","1,820.35",1000000,4.70%,"19,553.15","19,340.50","19,667.65","19,224.70",1000000,1.58%,"19,119.50","19,057.45","19,422.20","18,994.30",149690000,0.73%,"7,359.05","7,143.85","7,433.85","7,126.20",907540000,3.51%,"15,865.65","15,868.30","15,978.05","15,705.95",1000000,0.46%
26-05-2024,"22,530.70","23,038.95","23,110.80","22,417.00",1690000000,-1.86%,"48,983.95","49,105.90","49,688.85","48,313.60",1020000000,0.03%,"54,107.35","55,649.60","55,708.70","53,897.70",181680000,-2.42%,"32,386.10","33,914.45","34,227.05","32,280.80",186440000,-4.25%,"1,870.40","1,901.35","1,918.50","1,851.85",1000000,-1.40%,"19,308.75","19,642.00","19,717.40","19,123.10",1000000,-1.25%,"18,796.30","19,258.15","19,415.00","18,732.35",177210000,-1.69%,"7,386.00","7,387.55","7,520.70","7,225.60",1770000000,0.37%,"15,626.65","15,951.20","16,002.25","15,461.20",1000000,-1.51%
02-06-2024,"23,290.15","23,337.90","23,338.70","21,281.45",3170000000,3.37%,"49,803.20","50,889.85","51,133.20","46,077.85",2069999999,1.67%,"57,953.35","55,139.00","58,832.65","53,057.65",339390000,7.11%,"35,169.90","33,114.70","35,248.10","31,320.15",208350000,8.60%,"1,970.65","1,948.85","1,978.10","1,717.40",1000000,5.36%,"19,884.25","20,033.15","20,033.15","17,744.85",1000000,2.98%,"19,578.00","19,206.90","19,596.70","17,904.75",175880000,4.16%,"7,281.90","7,756.35","8,053.30","6,443.85",2810000000,-1.41%,"16,100.00","16,232.05","16,235.05","14,145.25",1000000,3.03%
09-06-2024,"23,465.60","23,319.15","23,490.40","23,206.65",1400000000,0.75%,"50,002.00","49,808.15","50,252.95","49,530.45",816640000,0.40%,"57,225.85","58,038.15","58,266.05","57,051.45",173090000,-1.26%,"34,598.55","35,140.45","35,167.75","34,360.65",154190000,-1.62%,"2,057.85","1,980.95","2,093.30","1,964.45",1000000,4.42%,"20,698.25","19,992.00","20,710.20","19,871.70",1000000,4.09%,"19,895.65","19,696.55","19,918.65","19,629.85",97410000,1.62%,"7,464.15","7,332.20","7,496.70","7,312.00",973440000,2.50%,"16,845.55","16,244.45","16,874.85","16,190.95",1000000,4.63%
16-06-2024,"23,501.10","23,570.80","23,667.10","23,398.20",1490000000,0.15%,"51,661.45","50,194.35","51,957.00","49,900.20",1150000000,3.32%,"55,990.10","57,370.85","57,490.65","55,906.65",142310000,-2.16%,"35,200.30","34,696.00","35,875.30","34,604.05",165290000,1.74%,"2,039.65","2,067.80","2,071.10","2,002.25",1000000,-0.88%,"20,735.25","20,784.40","20,890.70","20,504.05",1000000,0.18%,"19,528.40","19,907.50","19,927.90","19,477.70",104250000,-1.85%,"7,384.25","7,493.65","7,569.25","7,346.50",774640000,-1.07%,"17,046.55","16,966.05","17,168.75","16,784.55",1000000,1.19%
23-06-2024,"24,010.60","23,382.30","24,174.00","23,350.00",1700000000,2.17%,"52,342.25","51,280.25","53,180.75","51,138.90",1170000000,1.32%,"56,756.85","55,958.10","57,007.45","55,837.40",166370000,1.37%,"36,157.50","35,067.75","36,334.65","34,918.15",136260000,2.72%,"1,992.35","2,035.90","2,044.40","1,986.25",1000000,-2.32%,"20,831.95","20,700.20","20,922.90","20,550.00",1000000,0.47%,"19,731.55","19,511.85","19,797.90","19,414.90",121470000,1.04%,"7,365.95","7,332.60","7,508.75","7,246.45",1040000000,-0.25%,"17,111.05","17,003.35","17,219.05","16,882.75",1000000,0.38%
30-06-2024,"24,323.85","23,992.95","24,401.00","23,992.70",1390000000,1.30%,"52,660.35","52,351.15","53,357.70","51,996.65",1030000000,0.61%,"57,673.00","56,745.50","57,737.75","56,473.95",123330000,1.61%,"37,720.75","36,103.00","37,935.10","36,085.45",152910000,4.32%,"2,047.55","1,999.05","2,078.15","1,998.05",1000000,2.77%,"21,352.50","20,898.35","21,369.05","20,792.65",1000000,2.50%,"20,453.85","19,794.85","20,516.10","19,660.95",144530000,3.66%,"7,356.75","7,370.65","7,376.60","7,157.80",707950000,-0.12%,"17,712.30","17,190.65","17,749.10","17,176.05",1000000,3.51%
07-07-2024,"24,502.15","24,329.45","24,592.20","24,141.80",1440000000,0.73%,"52,278.90","52,533.10","52,794.55","51,749.45",840370000,-0.72%,"59,725.75","57,888.45","59,885.40","57,748.95",196040000,3.56%,"39,023.00","37,766.00","39,237.70","37,108.35",160850000,3.45%,"2,074.15","2,051.35","2,091.10","1,983.30",1000000,1.30%,"21,300.25","21,428.25","21,453.80","20,855.40",1000000,-0.24%,"20,612.65","20,493.20","20,804.25","20,283.00",96890000,0.78%,"7,203.00","7,326.80","7,396.05","7,154.95",858960000,-2.09%,"17,679.20","17,806.20","17,855.05","17,249.35",1000000,-0.19%
14-07-2024,"24,530.90","24,587.60","24,854.80","24,504.45",1280000000,0.12%,"52,265.60","52,330.05","52,782.75","52,146.30",618530000,-0.03%,"61,087.90","59,805.15","61,491.40","59,603.20",148250000,2.28%,"39,923.30","39,432.10","40,682.70","38,730.55",162900000,2.31%,"1,962.95","2,084.75","2,124.15","1,958.25",1000000,-5.36%,"20,812.25","21,395.15","21,554.45","20,770.05",1000000,-2.29%,"20,425.40","20,705.80","20,960.30","20,398.45",72670000,-0.91%,"7,302.60","7,233.30","7,498.80","7,209.35",1210000000,1.38%,"17,163.40","17,766.65","17,885.75","17,140.90",1000000,-2.92%
21-07-2024,"24,834.85","24,445.75","24,861.15","24,074.20",1900000000,1.24%,"51,295.95","52,145.60","52,547.55","50,438.30",1080000000,-1.86%,"62,728.80","60,968.25","62,928.60","60,743.70",265390000,2.69%,"40,977.35","39,664.85","41,073.65","39,081.30",179830000,2.64%,"2,075.65","1,936.75","2,093.65","1,887.45",1000000,5.74%,"21,442.40","20,740.80","21,463.05","20,264.90",1000000,3.03%,"21,603.10","20,319.70","21,703.30","20,275.25",127780000,5.77%,"7,270.65","7,265.40","7,380.70","7,039.20",984340000,-0.44%,"17,647.40","17,029.55","17,676.15","16,520.50",1000000,2.82%
28-07-2024,"24,717.70","24,943.30","25,078.30","24,686.85",1850000000,-0.47%,"51,350.15","51,546.65","52,340.25","51,087.85",1290000000,0.11%,"61,745.15","63,016.45","63,084.30","61,632.85",177360000,-1.57%,"39,730.30","41,220.75","41,381.10","39,662.65",94730000,-3.04%,"2,100.30","2,083.05","2,169.25","2,082.20",1000000,1.19%,"21,492.25","21,606.50","21,969.40","21,387.25",1000000,0.23%,"21,902.85","21,701.55","22,005.10","21,474.75",128009999,1.39%,"7,197.50","7,370.85","7,542.55","7,154.75",1050000000,-1.01%,"17,677.65","17,790.90","18,049.80","17,551.25",1000000,0.17%
04-08-2024,"24,367.50","24,302.85","24,419.75","23,893.70",1640000000,-1.42%,"50,484.50","50,586.25","50,747.55","49,659.05",836570000,-1.69%,"62,157.35","60,877.25","62,545.60","60,818.80",176680000,0.67%,"39,043.30","38,822.55","39,427.10","37,829.10",106010000,-1.73%,"2,101.65","2,061.60","2,109.60","1,993.70",1000000,0.06%,"21,151.35","20,917.25","21,233.65","20,555.95",1000000,-1.59%,"22,209.55","21,526.80","22,301.05","21,501.80",141530000,1.40%,"6,994.45","7,037.15","7,057.50","6,795.15",886630000,-2.82%,"17,335.90","17,193.70","17,432.40","16,839.10",1000000,-1.93%
11-08-2024,"24,541.15","24,320.05","24,563.90","24,099.70",1090000000,0.71%,"50,516.90","50,412.60","50,830.70","49,654.65",580310000,0.06%,"62,213.00","61,840.25","62,303.45","61,092.25",107290000,0.09%,"40,878.25","39,038.95","40,927.15","38,747.85",83850000,4.70%,"2,059.65","2,090.90","2,097.70","2,012.15",1000000,-2.00%,"21,298.35","21,089.75","21,318.35","20,842.20",1000000,0.69%,"22,106.50","22,209.05","22,326.55","21,933.70",108680000,-0.46%,"6,843.80","6,961.20","6,982.55","6,754.90",449480000,-2.15%,"17,371.40","17,308.70","17,490.65","16,969.65",1000000,0.20%
18-08-2024,"24,823.15","24,636.35","24,867.35","24,522.95",1170000000,1.15%,"50,933.45","50,683.55","51,117.85","50,283.55",661810000,0.82%,"63,409.25","62,433.25","63,700.75","61,996.60",126120000,1.92%,"41,089.85","40,940.90","41,834.00","40,736.55",79520000,0.52%,"2,068.95","2,078.65","2,117.85","2,064.75",1000000,0.45%,"21,645.65","21,413.35","21,809.10","21,302.50",1000000,1.63%,"22,527.85","22,200.90","22,661.00","22,124.70",90910000,1.91%,"7,017.70","6,882.00","7,082.90","6,877.35",517390000,2.54%,"18,006.55","17,497.70","18,096.05","17,484.50",1000000,3.66%
25-08-2024,"25,235.90","24,906.10","25,268.35","24,874.70",1650000000,1.66%,"51,351.00","51,100.65","51,466.55","50,938.10",962030000,0.82%,"63,059.75","63,480.00","63,805.95","62,563.55",158620000,-0.55%,"42,787.80","41,343.45","42,913.95","41,319.05",143320000,4.13%,"2,104.50","2,087.60","2,174.55","2,060.05",1000000,1.72%,"21,925.45","21,746.75","21,956.35","21,618.05",1000000,1.29%,"23,217.60","22,520.65","23,275.50","22,437.15",156950000,3.06%,"6,985.80","7,045.45","7,053.50","6,910.65",455420000,-0.45%,"18,170.25","18,129.00","18,316.25","18,005.90",1000000,0.91%
